normalizedLeafId	r13ResponseDiscriminant	requiredProofOrReceipt	r13EventSequence	lifecycleResultKind	exit	failClosedResultKind
N001.base	capture.root.failure	none	-	run.model_failed	70	run.model_failed
N002.base	capture.root.success	root_binding_candidate	-	run.running	0	run.model_failed
N003.base	capture.root.failure	none	-	run.model_failed	70	run.model_failed
N004.base	capture.root.failure	none	-	run.model_failed	70	run.model_failed
N005.base	capture.root.failure	none	-	run.model_failed	70	run.model_failed
N006.base	capture.root.failure	none	-	run.model_failed	70	run.model_failed
N007.base	capture.root.failure	none	-	run.model_failed	70	run.model_failed
N008.base	capture.root.failure	none	-	run.model_failed	70	run.model_failed
N009.base	capture.root.failure	none	-	run.model_failed	70	run.model_failed
N010.base	capture.root.failure	none	-	run.model_failed	70	run.model_failed
N011.base	capture.root.failure	none	-	run.model_failed	70	run.model_failed
N012.base	session-rebind.failure	none	-	show.content_unavailable	70	show.content_unavailable
N013.base	session-rebind.success	session_echo	-	show.running	0	show.content_unavailable
N014.base	session-rebind.failure	none	-	show.content_unavailable	70	show.content_unavailable
N015.base	session-rebind.failure	none	-	show.content_unavailable	70	show.content_unavailable
N016.base	session-rebind.failure	none	-	show.content_unavailable	70	show.content_unavailable
N017.base	session-rebind.failure	none	-	show.content_unavailable	70	show.content_unavailable
N018.base	session-rebind.failure	none	-	show.content_unavailable	70	show.content_unavailable
N019.base	session-rebind.failure	none	-	show.content_unavailable	70	show.content_unavailable
N020.base	session-rebind.failure	none	-	show.content_unavailable	70	show.content_unavailable
N021.base	session-rebind.failure	none	-	show.content_unavailable	70	show.content_unavailable
N022.base	session-rebind.failure	none	-	show.content_unavailable	70	show.content_unavailable
N023.ae-claimed	session-rebind.failure	none	ArtifactClaimEstablished,ArtifactControlsAbsent,ArtifactClaimFailed,TerminalPersisted	download.controls_absent_required	70	download.content_unavailable
N023.ae-optional	session-rebind.failure	none	ArtifactClaimEstablished,ArtifactControlsAbsent,ArtifactClaimFailed,TerminalPersisted	download.controls_absent_required	70	download.content_unavailable
N023.ae-required	session-rebind.failure	none	ArtifactClaimEstablished,ArtifactControlsAbsent,ArtifactClaimFailed,TerminalPersisted	download.controls_absent_required	70	download.content_unavailable
N024.ae-claimed.artifact-empty	session-rebind.failure	none	ArtifactClaimEstablished,ArtifactControlsDiscovered,ArtifactDownloadAttemptConsumed,ArtifactClaimFailed,TerminalPersisted	download.event_timeout	70	download.content_unavailable
N024.ae-claimed.artifact-nonempty	session-rebind.failure	none	ArtifactClaimEstablished,ArtifactControlsDiscovered,ArtifactDownloadAttemptConsumed,ArtifactClaimFailed,TerminalPersisted	download.event_timeout	70	download.content_unavailable
N024.ae-none.artifact-empty	session-rebind.failure	none	ArtifactClaimEstablished,ArtifactControlsDiscovered,ArtifactDownloadAttemptConsumed,ArtifactClaimFailed,TerminalPersisted	download.event_timeout	70	download.content_unavailable
N024.ae-none.artifact-nonempty	session-rebind.failure	none	ArtifactClaimEstablished,ArtifactControlsDiscovered,ArtifactDownloadAttemptConsumed,ArtifactClaimFailed,TerminalPersisted	download.event_timeout	70	download.content_unavailable
N024.ae-optional.artifact-empty	session-rebind.failure	none	ArtifactClaimEstablished,ArtifactControlsDiscovered,ArtifactDownloadAttemptConsumed,ArtifactClaimFailed,TerminalPersisted	download.event_timeout	70	download.content_unavailable
N024.ae-optional.artifact-nonempty	session-rebind.failure	none	ArtifactClaimEstablished,ArtifactControlsDiscovered,ArtifactDownloadAttemptConsumed,ArtifactClaimFailed,TerminalPersisted	download.event_timeout	70	download.content_unavailable
N024.ae-required.artifact-empty	session-rebind.failure	none	ArtifactClaimEstablished,ArtifactControlsDiscovered,ArtifactDownloadAttemptConsumed,ArtifactClaimFailed,TerminalPersisted	download.event_timeout	70	download.content_unavailable
N024.ae-required.artifact-nonempty	session-rebind.failure	none	ArtifactClaimEstablished,ArtifactControlsDiscovered,ArtifactDownloadAttemptConsumed,ArtifactClaimFailed,TerminalPersisted	download.event_timeout	70	download.content_unavailable
N025.ae-claimed.artifact-empty	session-rebind.failure	none	ArtifactClaimEstablished,ArtifactControlsDiscovered,ArtifactDownloadAttemptConsumed,ArtifactClaimFailed,TerminalPersisted	download.event_timeout	70	download.content_unavailable
N025.ae-claimed.artifact-nonempty	session-rebind.failure	none	ArtifactClaimEstablished,ArtifactControlsDiscovered,ArtifactDownloadAttemptConsumed,ArtifactClaimFailed,TerminalPersisted	download.event_timeout	70	download.content_unavailable
N025.ae-none.artifact-empty	session-rebind.failure	none	ArtifactClaimEstablished,ArtifactControlsDiscovered,ArtifactDownloadAttemptConsumed,ArtifactClaimFailed,TerminalPersisted	download.event_timeout	70	download.content_unavailable
N025.ae-none.artifact-nonempty	session-rebind.failure	none	ArtifactClaimEstablished,ArtifactControlsDiscovered,ArtifactDownloadAttemptConsumed,ArtifactClaimFailed,TerminalPersisted	download.event_timeout	70	download.content_unavailable
N025.ae-optional.artifact-empty	session-rebind.failure	none	ArtifactClaimEstablished,ArtifactControlsDiscovered,ArtifactDownloadAttemptConsumed,ArtifactClaimFailed,TerminalPersisted	download.event_timeout	70	download.content_unavailable
N025.ae-optional.artifact-nonempty	session-rebind.failure	none	ArtifactClaimEstablished,ArtifactControlsDiscovered,ArtifactDownloadAttemptConsumed,ArtifactClaimFailed,TerminalPersisted	download.event_timeout	70	download.content_unavailable
N025.ae-required.artifact-empty	session-rebind.failure	none	ArtifactClaimEstablished,ArtifactControlsDiscovered,ArtifactDownloadAttemptConsumed,ArtifactClaimFailed,TerminalPersisted	download.event_timeout	70	download.content_unavailable
N025.ae-required.artifact-nonempty	session-rebind.failure	none	ArtifactClaimEstablished,ArtifactControlsDiscovered,ArtifactDownloadAttemptConsumed,ArtifactClaimFailed,TerminalPersisted	download.event_timeout	70	download.content_unavailable
N026.ae-claimed.artifact-nonempty	artifact-click-save.success	playwright_download_receipt	ArtifactClaimEstablished,ArtifactControlsDiscovered,ArtifactDownloadAttemptConsumed,ArtifactDownloadCompleted,ArtifactClaimCompleted,TerminalPersisted	download.completed	0	download.content_unavailable
N026.ae-none.artifact-nonempty	artifact-click-save.success	playwright_download_receipt	ArtifactClaimEstablished,ArtifactControlsDiscovered,ArtifactDownloadAttemptConsumed,ArtifactDownloadCompleted,ArtifactClaimCompleted,TerminalPersisted	download.completed	0	download.content_unavailable
N026.ae-none.artifact-zero	artifact-discover.success	zero_control_proof	ArtifactClaimEstablished,ArtifactControlsAbsent,ArtifactClaimCompleted,TerminalPersisted	download.optional_zero	0	download.content_unavailable
N026.ae-optional.artifact-nonempty	artifact-click-save.success	playwright_download_receipt	ArtifactClaimEstablished,ArtifactControlsDiscovered,ArtifactDownloadAttemptConsumed,ArtifactDownloadCompleted,ArtifactClaimCompleted,TerminalPersisted	download.completed	0	download.content_unavailable
N026.ae-optional.artifact-zero	artifact-discover.success	zero_control_proof	ArtifactClaimEstablished,ArtifactControlsAbsent,ArtifactClaimCompleted,TerminalPersisted	download.optional_zero	0	download.content_unavailable
N026.ae-required.artifact-nonempty	artifact-click-save.success	playwright_download_receipt	ArtifactClaimEstablished,ArtifactControlsDiscovered,ArtifactDownloadAttemptConsumed,ArtifactDownloadCompleted,ArtifactClaimCompleted,TerminalPersisted	download.completed	0	download.content_unavailable
N027.ae-claimed.artifact-empty	session-rebind.failure	none	ArtifactClaimEstablished,ArtifactControlsDiscovered,ArtifactDownloadAttemptConsumed,ArtifactClaimFailed,TerminalPersisted,SlotHealthObserved	download.provider_blocked	70	download.content_unavailable
N027.ae-claimed.artifact-nonempty	session-rebind.failure	none	ArtifactClaimEstablished,ArtifactControlsDiscovered,ArtifactDownloadAttemptConsumed,ArtifactClaimFailed,TerminalPersisted,SlotHealthObserved	download.provider_blocked	70	download.content_unavailable
N027.ae-none.artifact-empty	session-rebind.failure	none	ArtifactClaimEstablished,ArtifactControlsDiscovered,ArtifactDownloadAttemptConsumed,ArtifactClaimFailed,TerminalPersisted,SlotHealthObserved	download.provider_blocked	70	download.content_unavailable
N027.ae-none.artifact-nonempty	session-rebind.failure	none	ArtifactClaimEstablished,ArtifactControlsDiscovered,ArtifactDownloadAttemptConsumed,ArtifactClaimFailed,TerminalPersisted,SlotHealthObserved	download.provider_blocked	70	download.content_unavailable
N027.ae-optional.artifact-empty	session-rebind.failure	none	ArtifactClaimEstablished,ArtifactControlsDiscovered,ArtifactDownloadAttemptConsumed,ArtifactClaimFailed,TerminalPersisted,SlotHealthObserved	download.provider_blocked	70	download.content_unavailable
N027.ae-optional.artifact-nonempty	session-rebind.failure	none	ArtifactClaimEstablished,ArtifactControlsDiscovered,ArtifactDownloadAttemptConsumed,ArtifactClaimFailed,TerminalPersisted,SlotHealthObserved	download.provider_blocked	70	download.content_unavailable
N027.ae-required.artifact-empty	session-rebind.failure	none	ArtifactClaimEstablished,ArtifactControlsDiscovered,ArtifactDownloadAttemptConsumed,ArtifactClaimFailed,TerminalPersisted,SlotHealthObserved	download.provider_blocked	70	download.content_unavailable
N027.ae-required.artifact-nonempty	session-rebind.failure	none	ArtifactClaimEstablished,ArtifactControlsDiscovered,ArtifactDownloadAttemptConsumed,ArtifactClaimFailed,TerminalPersisted,SlotHealthObserved	download.provider_blocked	70	download.content_unavailable
N028.ae-claimed	session-rebind.failure	none	SlotHealthObserved	download.provider_blocked	70	download.content_unavailable
N028.ae-none	session-rebind.failure	none	SlotHealthObserved	download.provider_blocked	70	download.content_unavailable
N028.ae-optional	session-rebind.failure	none	SlotHealthObserved	download.provider_blocked	70	download.content_unavailable
N028.ae-required	session-rebind.failure	none	SlotHealthObserved	download.provider_blocked	70	download.content_unavailable
N029.ae-claimed.answer-absent	session-rebind.failure	none	ArtifactRecoveryCandidateObserved	download.content_unavailable	70	download.content_unavailable
N029.ae-claimed.answer-present	session-rebind.failure	none	ArtifactRecoveryCandidateObserved	download.content_unavailable	70	download.content_unavailable
N029.ae-none.answer-absent	session-rebind.failure	none	ArtifactRecoveryCandidateObserved	download.content_unavailable	70	download.content_unavailable
N029.ae-none.answer-present	session-rebind.failure	none	ArtifactRecoveryCandidateObserved	download.content_unavailable	70	download.content_unavailable
N029.ae-optional.answer-absent	session-rebind.failure	none	ArtifactRecoveryCandidateObserved	download.content_unavailable	70	download.content_unavailable
N029.ae-optional.answer-present	session-rebind.failure	none	ArtifactRecoveryCandidateObserved	download.content_unavailable	70	download.content_unavailable
N029.ae-required.answer-absent	session-rebind.failure	none	ArtifactRecoveryCandidateObserved	download.content_unavailable	70	download.content_unavailable
N029.ae-required.answer-present	session-rebind.failure	none	ArtifactRecoveryCandidateObserved	download.content_unavailable	70	download.content_unavailable
N030.ae-claimed.artifact-empty	session-rebind.failure	none	ArtifactClaimEstablished,ArtifactControlsDiscovered,ArtifactDownloadAttemptConsumed,ArtifactClaimFailed,TerminalPersisted	download.content_unavailable	70	download.content_unavailable
N030.ae-claimed.artifact-nonempty	session-rebind.failure	none	ArtifactClaimEstablished,ArtifactControlsDiscovered,ArtifactDownloadAttemptConsumed,ArtifactClaimFailed,TerminalPersisted	download.content_unavailable	70	download.content_unavailable
N030.ae-none.artifact-empty	session-rebind.failure	none	ArtifactClaimEstablished,ArtifactControlsDiscovered,ArtifactDownloadAttemptConsumed,ArtifactClaimFailed,TerminalPersisted	download.content_unavailable	70	download.content_unavailable
N030.ae-none.artifact-nonempty	session-rebind.failure	none	ArtifactClaimEstablished,ArtifactControlsDiscovered,ArtifactDownloadAttemptConsumed,ArtifactClaimFailed,TerminalPersisted	download.content_unavailable	70	download.content_unavailable
N030.ae-optional.artifact-empty	session-rebind.failure	none	ArtifactClaimEstablished,ArtifactControlsDiscovered,ArtifactDownloadAttemptConsumed,ArtifactClaimFailed,TerminalPersisted	download.content_unavailable	70	download.content_unavailable
N030.ae-optional.artifact-nonempty	session-rebind.failure	none	ArtifactClaimEstablished,ArtifactControlsDiscovered,ArtifactDownloadAttemptConsumed,ArtifactClaimFailed,TerminalPersisted	download.content_unavailable	70	download.content_unavailable
N030.ae-required.artifact-empty	session-rebind.failure	none	ArtifactClaimEstablished,ArtifactControlsDiscovered,ArtifactDownloadAttemptConsumed,ArtifactClaimFailed,TerminalPersisted	download.content_unavailable	70	download.content_unavailable
N030.ae-required.artifact-nonempty	session-rebind.failure	none	ArtifactClaimEstablished,ArtifactControlsDiscovered,ArtifactDownloadAttemptConsumed,ArtifactClaimFailed,TerminalPersisted	download.content_unavailable	70	download.content_unavailable
N031.ae-claimed	session-rebind.failure	none	ArtifactRecoveryCandidateObserved	download.content_unavailable	70	download.content_unavailable
N031.ae-none	session-rebind.failure	none	ArtifactRecoveryCandidateObserved	download.content_unavailable	70	download.content_unavailable
N031.ae-optional	session-rebind.failure	none	ArtifactRecoveryCandidateObserved	download.content_unavailable	70	download.content_unavailable
N031.ae-required	session-rebind.failure	none	ArtifactRecoveryCandidateObserved	download.content_unavailable	70	download.content_unavailable
N032.ae-claimed	session-rebind.failure	none	ArtifactRecoveryCandidateObserved	download.content_unavailable	70	download.content_unavailable
N032.ae-none	session-rebind.failure	none	ArtifactRecoveryCandidateObserved	download.content_unavailable	70	download.content_unavailable
N032.ae-optional	session-rebind.failure	none	ArtifactRecoveryCandidateObserved	download.content_unavailable	70	download.content_unavailable
N032.ae-required	session-rebind.failure	none	ArtifactRecoveryCandidateObserved	download.content_unavailable	70	download.content_unavailable
N033.ae-claimed	session-rebind.failure	none	SessionOperationFailed	download.content_unavailable	70	download.content_unavailable
N033.ae-none	session-rebind.failure	none	SessionOperationFailed	download.content_unavailable	70	download.content_unavailable
N033.ae-optional	session-rebind.failure	none	SessionOperationFailed	download.content_unavailable	70	download.content_unavailable
N033.ae-required	session-rebind.failure	none	SessionOperationFailed	download.content_unavailable	70	download.content_unavailable
N034.ae-claimed	session-rebind.failure	none	SessionOperationFailed	download.url_rejected	70	download.content_unavailable
N034.ae-none	session-rebind.failure	none	SessionOperationFailed	download.url_rejected	70	download.content_unavailable
N034.ae-optional	session-rebind.failure	none	SessionOperationFailed	download.url_rejected	70	download.content_unavailable
N034.ae-required	session-rebind.failure	none	SessionOperationFailed	download.url_rejected	70	download.content_unavailable
N035.ae-claimed	session-rebind.failure	none	-	download.provider_blocked	70	download.content_unavailable
N035.ae-none	session-rebind.failure	none	-	download.provider_blocked	70	download.content_unavailable
N035.ae-optional	session-rebind.failure	none	-	download.provider_blocked	70	download.content_unavailable
N035.ae-required	session-rebind.failure	none	-	download.provider_blocked	70	download.content_unavailable
N036.ae-claimed	session-rebind.failure	none	-	download.content_unavailable	70	download.content_unavailable
N036.ae-none	session-rebind.failure	none	-	download.content_unavailable	70	download.content_unavailable
N036.ae-optional	session-rebind.failure	none	-	download.content_unavailable	70	download.content_unavailable
N036.ae-required	session-rebind.failure	none	-	download.content_unavailable	70	download.content_unavailable
N037.ae-claimed	session-rebind.failure	none	-	download.content_unavailable	70	download.content_unavailable
N037.ae-none	session-rebind.failure	none	-	download.content_unavailable	70	download.content_unavailable
N037.ae-optional	session-rebind.failure	none	-	download.content_unavailable	70	download.content_unavailable
N037.ae-required	session-rebind.failure	none	-	download.content_unavailable	70	download.content_unavailable
N038.ae-claimed	session-rebind.failure	none	-	download.content_unavailable	70	download.content_unavailable
N038.ae-none	session-rebind.failure	none	-	download.content_unavailable	70	download.content_unavailable
N038.ae-optional	session-rebind.failure	none	-	download.content_unavailable	70	download.content_unavailable
N038.ae-required	session-rebind.failure	none	-	download.content_unavailable	70	download.content_unavailable
N039.ae-claimed	session-rebind.failure	none	-	download.content_unavailable	70	download.content_unavailable
N039.ae-none	session-rebind.failure	none	-	download.content_unavailable	70	download.content_unavailable
N039.ae-optional	session-rebind.failure	none	-	download.content_unavailable	70	download.content_unavailable
N039.ae-required	session-rebind.failure	none	-	download.content_unavailable	70	download.content_unavailable
N040.ae-claimed	session-rebind.failure	none	-	download.content_unavailable	70	download.content_unavailable
N040.ae-none	session-rebind.failure	none	-	download.content_unavailable	70	download.content_unavailable
N040.ae-optional	session-rebind.failure	none	-	download.content_unavailable	70	download.content_unavailable
N040.ae-required	session-rebind.failure	none	-	download.content_unavailable	70	download.content_unavailable
N041.ae-claimed	session-rebind.failure	none	-	download.content_unavailable	70	download.content_unavailable
N041.ae-none	session-rebind.failure	none	-	download.content_unavailable	70	download.content_unavailable
N041.ae-optional	session-rebind.failure	none	-	download.content_unavailable	70	download.content_unavailable
N041.ae-required	session-rebind.failure	none	-	download.content_unavailable	70	download.content_unavailable
N042.ae-claimed	session-rebind.failure	none	-	download.content_unavailable	70	download.content_unavailable
N042.ae-none	session-rebind.failure	none	-	download.content_unavailable	70	download.content_unavailable
N042.ae-optional	session-rebind.failure	none	-	download.content_unavailable	70	download.content_unavailable
N042.ae-required	session-rebind.failure	none	-	download.content_unavailable	70	download.content_unavailable
N043.ae-claimed	session-rebind.failure	none	-	download.content_unavailable	70	download.content_unavailable
N043.ae-none	session-rebind.failure	none	-	download.content_unavailable	70	download.content_unavailable
N043.ae-optional	session-rebind.failure	none	-	download.content_unavailable	70	download.content_unavailable
N043.ae-required	session-rebind.failure	none	-	download.content_unavailable	70	download.content_unavailable
N044.ae-claimed	session-rebind.failure	none	-	download.content_unavailable	70	download.content_unavailable
N044.ae-none	session-rebind.failure	none	-	download.content_unavailable	70	download.content_unavailable
N044.ae-optional	session-rebind.failure	none	-	download.content_unavailable	70	download.content_unavailable
N044.ae-required	session-rebind.failure	none	-	download.content_unavailable	70	download.content_unavailable
N045.ae-claimed	poll.failure	none	AnswerTerminal,ArtifactClaimEstablished,ArtifactControlsAbsent,ArtifactClaimFailed,TerminalPersisted	run.artifact_required_failed	70	run.poll_failed
N045.ae-optional	poll.failure	none	AnswerTerminal,ArtifactClaimEstablished,ArtifactControlsAbsent,ArtifactClaimFailed,TerminalPersisted	run.artifact_required_failed	70	run.poll_failed
N045.ae-required	poll.failure	none	AnswerTerminal,ArtifactClaimEstablished,ArtifactControlsAbsent,ArtifactClaimFailed,TerminalPersisted	run.artifact_required_failed	70	run.poll_failed
N046.ae-claimed.artifact-empty	poll.failure	none	AnswerTerminal,ArtifactClaimEstablished,ArtifactControlsDiscovered,ArtifactDownloadAttemptConsumed,ArtifactClaimFailed,TerminalPersisted	run.artifact_required_failed	70	run.poll_failed
N046.ae-claimed.artifact-nonempty	poll.failure	none	AnswerTerminal,ArtifactClaimEstablished,ArtifactControlsDiscovered,ArtifactDownloadAttemptConsumed,ArtifactClaimFailed,TerminalPersisted	run.artifact_required_failed	70	run.poll_failed
N046.ae-none.artifact-empty	poll.failure	none	AnswerTerminal,ArtifactClaimEstablished,ArtifactControlsDiscovered,ArtifactDownloadAttemptConsumed,ArtifactClaimFailed,TerminalPersisted	run.artifact_required_failed	70	run.poll_failed
N046.ae-none.artifact-nonempty	poll.failure	none	AnswerTerminal,ArtifactClaimEstablished,ArtifactControlsDiscovered,ArtifactDownloadAttemptConsumed,ArtifactClaimFailed,TerminalPersisted	run.artifact_required_failed	70	run.poll_failed
N046.ae-optional.artifact-empty	poll.failure	none	AnswerTerminal,ArtifactClaimEstablished,ArtifactControlsDiscovered,ArtifactDownloadAttemptConsumed,ArtifactClaimFailed,TerminalPersisted	run.artifact_required_failed	70	run.poll_failed
N046.ae-optional.artifact-nonempty	poll.failure	none	AnswerTerminal,ArtifactClaimEstablished,ArtifactControlsDiscovered,ArtifactDownloadAttemptConsumed,ArtifactClaimFailed,TerminalPersisted	run.artifact_required_failed	70	run.poll_failed
N046.ae-required.artifact-empty	poll.failure	none	AnswerTerminal,ArtifactClaimEstablished,ArtifactControlsDiscovered,ArtifactDownloadAttemptConsumed,ArtifactClaimFailed,TerminalPersisted	run.artifact_required_failed	70	run.poll_failed
N046.ae-required.artifact-nonempty	poll.failure	none	AnswerTerminal,ArtifactClaimEstablished,ArtifactControlsDiscovered,ArtifactDownloadAttemptConsumed,ArtifactClaimFailed,TerminalPersisted	run.artifact_required_failed	70	run.poll_failed
N047.ae-claimed.artifact-empty	poll.failure	none	AnswerTerminal,ArtifactClaimEstablished,ArtifactControlsDiscovered,ArtifactDownloadAttemptConsumed,ArtifactClaimFailed,TerminalPersisted	run.artifact_required_failed	70	run.poll_failed
N047.ae-claimed.artifact-nonempty	poll.failure	none	AnswerTerminal,ArtifactClaimEstablished,ArtifactControlsDiscovered,ArtifactDownloadAttemptConsumed,ArtifactClaimFailed,TerminalPersisted	run.artifact_required_failed	70	run.poll_failed
N047.ae-none.artifact-empty	poll.failure	none	AnswerTerminal,ArtifactClaimEstablished,ArtifactControlsDiscovered,ArtifactDownloadAttemptConsumed,ArtifactClaimFailed,TerminalPersisted	run.artifact_required_failed	70	run.poll_failed
N047.ae-none.artifact-nonempty	poll.failure	none	AnswerTerminal,ArtifactClaimEstablished,ArtifactControlsDiscovered,ArtifactDownloadAttemptConsumed,ArtifactClaimFailed,TerminalPersisted	run.artifact_required_failed	70	run.poll_failed
N047.ae-optional.artifact-empty	poll.failure	none	AnswerTerminal,ArtifactClaimEstablished,ArtifactControlsDiscovered,ArtifactDownloadAttemptConsumed,ArtifactClaimFailed,TerminalPersisted	run.artifact_required_failed	70	run.poll_failed
N047.ae-optional.artifact-nonempty	poll.failure	none	AnswerTerminal,ArtifactClaimEstablished,ArtifactControlsDiscovered,ArtifactDownloadAttemptConsumed,ArtifactClaimFailed,TerminalPersisted	run.artifact_required_failed	70	run.poll_failed
N047.ae-required.artifact-empty	poll.failure	none	AnswerTerminal,ArtifactClaimEstablished,ArtifactControlsDiscovered,ArtifactDownloadAttemptConsumed,ArtifactClaimFailed,TerminalPersisted	run.artifact_required_failed	70	run.poll_failed
N047.ae-required.artifact-nonempty	poll.failure	none	AnswerTerminal,ArtifactClaimEstablished,ArtifactControlsDiscovered,ArtifactDownloadAttemptConsumed,ArtifactClaimFailed,TerminalPersisted	run.artifact_required_failed	70	run.poll_failed
N048.ae-claimed.artifact-nonempty	poll.success	poll_receipt	AnswerTerminal,ArtifactClaimEstablished,ArtifactControlsDiscovered,ArtifactDownloadAttemptConsumed,ArtifactDownloadCompleted,ArtifactClaimCompleted,TerminalPersisted	run.terminal_success	0	run.poll_failed
N048.ae-none.artifact-nonempty	poll.success	poll_receipt	AnswerTerminal,ArtifactClaimEstablished,ArtifactControlsDiscovered,ArtifactDownloadAttemptConsumed,ArtifactDownloadCompleted,ArtifactClaimCompleted,TerminalPersisted	run.terminal_success	0	run.poll_failed
N048.ae-none.artifact-zero	poll.success	poll_receipt	AnswerTerminal,ArtifactClaimEstablished,ArtifactControlsAbsent,ArtifactClaimCompleted,TerminalPersisted	run.terminal_success	0	run.poll_failed
N048.ae-optional.artifact-nonempty	poll.success	poll_receipt	AnswerTerminal,ArtifactClaimEstablished,ArtifactControlsDiscovered,ArtifactDownloadAttemptConsumed,ArtifactDownloadCompleted,ArtifactClaimCompleted,TerminalPersisted	run.terminal_success	0	run.poll_failed
N048.ae-optional.artifact-zero	poll.success	poll_receipt	AnswerTerminal,ArtifactClaimEstablished,ArtifactControlsAbsent,ArtifactClaimCompleted,TerminalPersisted	run.terminal_success	0	run.poll_failed
N048.ae-required.artifact-nonempty	poll.success	poll_receipt	AnswerTerminal,ArtifactClaimEstablished,ArtifactControlsDiscovered,ArtifactDownloadAttemptConsumed,ArtifactDownloadCompleted,ArtifactClaimCompleted,TerminalPersisted	run.terminal_success	0	run.poll_failed
N049.ae-claimed	poll.failure	none	PollFailed,SlotHealthObserved	run.poll_failed	70	run.poll_failed
N049.ae-none	poll.failure	none	PollFailed,SlotHealthObserved	run.poll_failed	70	run.poll_failed
N049.ae-optional	poll.failure	none	PollFailed,SlotHealthObserved	run.poll_failed	70	run.poll_failed
N049.ae-required	poll.failure	none	PollFailed,SlotHealthObserved	run.poll_failed	70	run.poll_failed
N050.ae-claimed	poll.success	poll_receipt	PollProgress	run.running	0	run.poll_failed
N050.ae-none	poll.success	poll_receipt	PollProgress	run.running	0	run.poll_failed
N050.ae-optional	poll.success	poll_receipt	PollProgress	run.running	0	run.poll_failed
N050.ae-required	poll.success	poll_receipt	PollProgress	run.running	0	run.poll_failed
N051.ae-claimed	poll.failure	none	PollFailed	run.poll_failed	70	run.poll_failed
N051.ae-none	poll.failure	none	PollFailed	run.poll_failed	70	run.poll_failed
N051.ae-optional	poll.failure	none	PollFailed	run.poll_failed	70	run.poll_failed
N051.ae-required	poll.failure	none	PollFailed	run.poll_failed	70	run.poll_failed
N052.ae-claimed	poll.success	none	PollProgress	run.poll_failed	70	run.poll_failed
N052.ae-none	poll.success	none	PollProgress	run.poll_failed	70	run.poll_failed
N052.ae-optional	poll.success	none	PollProgress	run.poll_failed	70	run.poll_failed
N052.ae-required	poll.success	none	PollProgress	run.poll_failed	70	run.poll_failed
N053.ae-claimed	poll.failure	none	PollFailed	run.poll_failed	70	run.poll_failed
N053.ae-none	poll.failure	none	PollFailed	run.poll_failed	70	run.poll_failed
N053.ae-optional	poll.failure	none	PollFailed	run.poll_failed	70	run.poll_failed
N053.ae-required	poll.failure	none	PollFailed	run.poll_failed	70	run.poll_failed
N054.ae-claimed	poll.failure	none	PollFailed	run.poll_failed	70	run.poll_failed
N054.ae-none	poll.failure	none	PollFailed	run.poll_failed	70	run.poll_failed
N054.ae-optional	poll.failure	none	PollFailed	run.poll_failed	70	run.poll_failed
N054.ae-required	poll.failure	none	PollFailed	run.poll_failed	70	run.poll_failed
N055.ae-claimed	poll.success	poll_receipt	PollProgress	run.running	0	run.poll_failed
N055.ae-none	poll.success	poll_receipt	PollProgress	run.running	0	run.poll_failed
N055.ae-optional	poll.success	poll_receipt	PollProgress	run.running	0	run.poll_failed
N055.ae-required	poll.success	poll_receipt	PollProgress	run.running	0	run.poll_failed
N056.ae-claimed	poll.success	none	PollProgress	run.poll_failed	70	run.poll_failed
N056.ae-none	poll.success	none	PollProgress	run.poll_failed	70	run.poll_failed
N056.ae-optional	poll.success	none	PollProgress	run.poll_failed	70	run.poll_failed
N056.ae-required	poll.success	none	PollProgress	run.poll_failed	70	run.poll_failed
N057.ae-claimed.answer-absent	poll.success	none	PollProgress	run.poll_failed	70	run.poll_failed
N057.ae-claimed.answer-present	poll.success	none	PollProgress	run.poll_failed	70	run.poll_failed
N057.ae-none.answer-absent	poll.success	none	PollProgress	run.poll_failed	70	run.poll_failed
N057.ae-none.answer-present	poll.success	none	PollProgress	run.poll_failed	70	run.poll_failed
N057.ae-optional.answer-absent	poll.success	none	PollProgress	run.poll_failed	70	run.poll_failed
N057.ae-optional.answer-present	poll.success	none	PollProgress	run.poll_failed	70	run.poll_failed
N057.ae-required.answer-absent	poll.success	none	PollProgress	run.poll_failed	70	run.poll_failed
N057.ae-required.answer-present	poll.success	none	PollProgress	run.poll_failed	70	run.poll_failed
N058.ae-claimed	poll.failure	none	-	run.poll_failed	70	run.poll_failed
N058.ae-none	poll.failure	none	-	run.poll_failed	70	run.poll_failed
N058.ae-optional	poll.failure	none	-	run.poll_failed	70	run.poll_failed
N058.ae-required	poll.failure	none	-	run.poll_failed	70	run.poll_failed
N059.ae-claimed	poll.failure	none	-	run.poll_failed	70	run.poll_failed
N059.ae-none	poll.failure	none	-	run.poll_failed	70	run.poll_failed
N059.ae-optional	poll.failure	none	-	run.poll_failed	70	run.poll_failed
N059.ae-required	poll.failure	none	-	run.poll_failed	70	run.poll_failed
N060.ae-claimed	poll.failure	none	-	run.poll_failed	70	run.poll_failed
N060.ae-none	poll.failure	none	-	run.poll_failed	70	run.poll_failed
N060.ae-optional	poll.failure	none	-	run.poll_failed	70	run.poll_failed
N060.ae-required	poll.failure	none	-	run.poll_failed	70	run.poll_failed
N061.ae-claimed	poll.failure	none	-	run.poll_failed	70	run.poll_failed
N061.ae-none	poll.failure	none	-	run.poll_failed	70	run.poll_failed
N061.ae-optional	poll.failure	none	-	run.poll_failed	70	run.poll_failed
N061.ae-required	poll.failure	none	-	run.poll_failed	70	run.poll_failed
N062.ae-claimed	poll.failure	none	-	run.poll_failed	70	run.poll_failed
N062.ae-none	poll.failure	none	-	run.poll_failed	70	run.poll_failed
N062.ae-optional	poll.failure	none	-	run.poll_failed	70	run.poll_failed
N062.ae-required	poll.failure	none	-	run.poll_failed	70	run.poll_failed
N063.ae-claimed	poll.failure	none	-	run.poll_failed	70	run.poll_failed
N063.ae-none	poll.failure	none	-	run.poll_failed	70	run.poll_failed
N063.ae-optional	poll.failure	none	-	run.poll_failed	70	run.poll_failed
N063.ae-required	poll.failure	none	-	run.poll_failed	70	run.poll_failed
N064.ae-claimed	poll.failure	none	-	run.poll_failed	70	run.poll_failed
N064.ae-none	poll.failure	none	-	run.poll_failed	70	run.poll_failed
N064.ae-optional	poll.failure	none	-	run.poll_failed	70	run.poll_failed
N064.ae-required	poll.failure	none	-	run.poll_failed	70	run.poll_failed
N065.ae-claimed	poll.failure	none	-	run.poll_failed	70	run.poll_failed
N065.ae-none	poll.failure	none	-	run.poll_failed	70	run.poll_failed
N065.ae-optional	poll.failure	none	-	run.poll_failed	70	run.poll_failed
N065.ae-required	poll.failure	none	-	run.poll_failed	70	run.poll_failed
N066.ae-claimed	poll.failure	none	-	run.poll_failed	70	run.poll_failed
N066.ae-none	poll.failure	none	-	run.poll_failed	70	run.poll_failed
N066.ae-optional	poll.failure	none	-	run.poll_failed	70	run.poll_failed
N066.ae-required	poll.failure	none	-	run.poll_failed	70	run.poll_failed
N067.ae-claimed	poll.failure	none	-	run.poll_failed	70	run.poll_failed
N067.ae-none	poll.failure	none	-	run.poll_failed	70	run.poll_failed
N067.ae-optional	poll.failure	none	-	run.poll_failed	70	run.poll_failed
N067.ae-required	poll.failure	none	-	run.poll_failed	70	run.poll_failed
N068.base	send-click.failure	none	UploadFailed	run.upload_failed	70	run.send_failed
N069.base	send-click.failure	none	SlotHealthObserved	run.slot_readiness_failed	70	run.send_failed
N070.base	send-click.failure	none	ModelSelectionFailed	run.model_failed	70	run.send_failed
N071.base	send-click.failure	none	ModelSelectionFailed	run.model_failed	70	run.send_failed
N072.base	send-click.failure	none	SlotHealthObserved	run.slot_readiness_failed	70	run.send_failed
N073.send-clicked	send-click.success	send_receipt.post_click	SendClicked,TurnStartConfirmed,SessionBindingEstablished,RunningProjected	run.running	0	run.send_failed
N073.send-reconciled	send-reconcile.success	send_receipt.reconciled_turn_start	SendReconciled,TurnStartConfirmed,SessionBindingEstablished,RunningProjected	run.running	0	run.send_failed
N074.base	send-click.failure	none	SendUncertain	run.send_uncertain	70	run.send_failed
N075.base	send-click.failure	none	SlotHealthObserved	run.slot_readiness_failed	70	run.send_failed
N076.base	send-click.failure	none	SlotHealthObserved	run.slot_readiness_failed	70	run.send_failed
N077.base	send-click.failure	none	-	run.send_failed	70	run.send_failed
N078.base	send-click.failure	none	SlotHealthObserved	run.slot_readiness_failed	70	run.send_failed
N079.base	send-click.failure	none	-	run.send_failed	70	run.send_failed
N080.base	send-click.failure	none	-	run.send_failed	70	run.send_failed
N081.base	send-click.failure	none	-	run.send_failed	70	run.send_failed
N082.base	send-click.failure	none	-	run.send_failed	70	run.send_failed
N083.base	send-click.failure	none	-	run.send_failed	70	run.send_failed
N084.base	send-click.failure	none	-	run.send_failed	70	run.send_failed
N085.base	send-click.failure	none	-	run.send_failed	70	run.send_failed
N086.base	send-click.failure	none	-	run.send_failed	70	run.send_failed
N087.base	send-click.failure	none	-	run.send_failed	70	run.send_failed
N088.base	session-rebind.failure	none	SessionHydrationObserved,SessionHydrated,AnswerTerminal,ArtifactClaimEstablished,ArtifactControlsAbsent,ArtifactClaimFailed,TerminalPersisted	resume.artifact_required_failed	70	resume.content_unavailable
N089.artifact-empty	session-rebind.failure	none	SessionHydrationObserved,SessionHydrated,AnswerTerminal,ArtifactClaimEstablished,ArtifactControlsDiscovered,ArtifactDownloadAttemptConsumed,ArtifactClaimFailed,TerminalPersisted	resume.artifact_required_failed	70	resume.content_unavailable
N089.artifact-nonempty	session-rebind.failure	none	SessionHydrationObserved,SessionHydrated,AnswerTerminal,ArtifactClaimEstablished,ArtifactControlsDiscovered,ArtifactDownloadAttemptConsumed,ArtifactClaimFailed,TerminalPersisted	resume.artifact_required_failed	70	resume.content_unavailable
N090.artifact-empty	session-rebind.failure	none	SessionHydrationObserved,SessionHydrated,AnswerTerminal,ArtifactClaimEstablished,ArtifactControlsDiscovered,ArtifactDownloadAttemptConsumed,ArtifactClaimFailed,TerminalPersisted	resume.artifact_required_failed	70	resume.content_unavailable
N090.artifact-nonempty	session-rebind.failure	none	SessionHydrationObserved,SessionHydrated,AnswerTerminal,ArtifactClaimEstablished,ArtifactControlsDiscovered,ArtifactDownloadAttemptConsumed,ArtifactClaimFailed,TerminalPersisted	resume.artifact_required_failed	70	resume.content_unavailable
N091.artifact-nonempty	session-rebind.success	session_echo	SessionHydrationObserved,SessionHydrated,AnswerTerminal,ArtifactClaimEstablished,ArtifactControlsDiscovered,ArtifactDownloadAttemptConsumed,ArtifactDownloadCompleted,ArtifactClaimCompleted,TerminalPersisted	resume.terminal_success	0	resume.content_unavailable
N091.artifact-zero	session-rebind.success	session_echo	SessionHydrationObserved,SessionHydrated,AnswerTerminal,ArtifactClaimEstablished,ArtifactControlsAbsent,ArtifactClaimCompleted,TerminalPersisted	resume.terminal_success	0	resume.content_unavailable
N092.base	session-rebind.failure	none	SessionHydrationObserved,SessionHydrated,SlotHealthObserved	resume.provider_blocked	70	resume.content_unavailable
N093.base	session-rebind.success	session_echo	SessionHydrationObserved,SessionHydrated	resume.running	0	resume.content_unavailable
N094.answer-absent	session-rebind.success	session_echo	SessionHydrationObserved,SessionHydrated	resume.running	0	resume.content_unavailable
N094.answer-present	session-rebind.success	session_echo	SessionHydrationObserved,SessionHydrated	resume.running	0	resume.content_unavailable
N095.base	session-rebind.failure	none	SessionHydrationObserved	resume.content_unavailable	70	resume.content_unavailable
N096.base	session-rebind.failure	none	SessionHydrationObserved,SessionHydrated	resume.content_unavailable	70	resume.content_unavailable
N097.base	session-rebind.failure	none	SessionOperationFailed	resume.content_unavailable	70	resume.content_unavailable
N098.base	session-rebind.failure	none	SessionOperationFailed	resume.url_rejected	70	resume.content_unavailable
N099.base	session-rebind.failure	none	-	resume.provider_blocked	70	resume.content_unavailable
N100.base	session-rebind.failure	none	-	resume.content_unavailable	70	resume.content_unavailable
N101.base	session-rebind.failure	none	-	resume.content_unavailable	70	resume.content_unavailable
N102.base	session-rebind.failure	none	-	resume.content_unavailable	70	resume.content_unavailable
N103.base	session-rebind.failure	none	-	resume.content_unavailable	70	resume.content_unavailable
N104.base	session-rebind.failure	none	-	resume.content_unavailable	70	resume.content_unavailable
N105.base	session-rebind.failure	none	-	resume.content_unavailable	70	resume.content_unavailable
N106.base	session-rebind.failure	none	-	resume.content_unavailable	70	resume.content_unavailable
N107.base	session-rebind.failure	none	-	resume.content_unavailable	70	resume.content_unavailable
N108.base	session-rebind.failure	none	-	resume.content_unavailable	70	resume.content_unavailable
N109.base	session-rebind.success	session_echo	SessionHydrationObserved,SessionHydrated	show.terminal	0	show.content_unavailable
N110.base	session-rebind.failure	none	SessionHydrationObserved,SessionHydrated,SlotHealthObserved	show.provider_blocked	70	show.content_unavailable
N111.answer-absent	session-rebind.success	session_echo	SessionHydrationObserved,SessionHydrated	show.running	0	show.content_unavailable
N111.answer-present	session-rebind.success	session_echo	SessionHydrationObserved,SessionHydrated	show.running	0	show.content_unavailable
N112.base	session-rebind.failure	none	SessionHydrationObserved	show.content_unavailable	70	show.content_unavailable
N113.base	session-rebind.failure	none	SessionHydrationObserved,SessionHydrated	show.content_unavailable	70	show.content_unavailable
N114.base	session-rebind.failure	none	SessionOperationFailed	show.content_unavailable	70	show.content_unavailable
N115.base	session-rebind.failure	none	SessionOperationFailed	show.url_rejected	70	show.content_unavailable
N116.base	session-rebind.success	session_echo	SessionHydrationObserved,SessionHydrated	show.idle	0	show.content_unavailable
N117.base	session-rebind.failure	none	-	show.provider_blocked	70	show.content_unavailable
N118.base	session-rebind.failure	none	-	show.content_unavailable	70	show.content_unavailable
N119.base	session-rebind.failure	none	-	show.content_unavailable	70	show.content_unavailable
N120.base	session-rebind.failure	none	-	show.content_unavailable	70	show.content_unavailable
N121.base	session-rebind.failure	none	-	show.content_unavailable	70	show.content_unavailable
N122.base	session-rebind.failure	none	-	show.content_unavailable	70	show.content_unavailable
N123.base	session-rebind.failure	none	-	show.content_unavailable	70	show.content_unavailable
N124.base	session-rebind.failure	none	-	show.content_unavailable	70	show.content_unavailable
N125.base	session-rebind.failure	none	-	show.content_unavailable	70	show.content_unavailable
N126.base	session-rebind.failure	none	-	show.content_unavailable	70	show.content_unavailable
N127.base	status.success	none	SlotHealthObserved	status.blocked	0	status.runtime_probe_failed
N128.base	status.success	none	SlotHealthObserved	status.degraded	0	status.runtime_probe_failed
N129.base	status.success	status_probe	SlotHealthObserved	status.ready	0	status.runtime_probe_failed
N130.base	status.success	none	SlotHealthObserved	status.blocked	0	status.runtime_probe_failed
N131.base	status.success	none	SlotHealthObserved	status.degraded	0	status.runtime_probe_failed
N132.base	status.failure	none	-	status.runtime_probe_failed	70	status.runtime_probe_failed
N133.base	status.failure	none	-	status.runtime_probe_failed	70	status.runtime_probe_failed
N134.base	status.failure	none	-	status.runtime_probe_failed	70	status.runtime_probe_failed
N135.base	status.failure	none	-	status.runtime_probe_failed	70	status.runtime_probe_failed
N136.base	status.failure	none	-	status.runtime_probe_failed	70	status.runtime_probe_failed
N137.base	status.failure	none	-	status.runtime_probe_failed	70	status.runtime_probe_failed
N138.base	status.failure	none	-	status.runtime_probe_failed	70	status.runtime_probe_failed
N139.base	status.failure	none	-	status.runtime_probe_failed	70	status.runtime_probe_failed
N140.base	status.failure	none	-	status.runtime_probe_failed	70	status.runtime_probe_failed
